bid	comments_count	created_at	reposts_count	text	uid	url	user_followers_count
4318573335645248	281	5小时前	6	我记得我昨晚喝多了特别恨卢本伟<br />对是恨<br />原因很简单<br />他在我唱的正high的时候<br />拿走了我的麦克风叫我回家 	5882951422	https://m.weibo.cn/status/H7NaZnGAo?mblogid=H7NaZnGAo&luicode=10000011&lfid=100103type%3D1%26q%3D%E5%8D%A2%E6%9C%AC%E4%BC%9F&featurecode=20000320	1570223
4318605091193135	144	3小时前	513	"<a  href=""https://m.weibo.cn/search?containerid=231522type%3D1%26t%3D10%26q%3D%23%E6%B8%B8%E6%88%8FV%E7%9B%98%E7%82%B9%23&extparam=%23%E6%B8%B8%E6%88%8FV%E7%9B%98%E7%82%B9%23&luicode=10000011&lfid=100103type%3D1%26q%3D%E5%8D%A2%E6%9C%AC%E4%BC%9F&featurecode=20000320"" data-hide=""""><span class=""surl-text"">#游戏V盘点#</span></a> 社长今天就来盘点一下2018年十大主播事件 <span class=""url-icon""><img alt=[doge] src=""//h5.sinaimg.cn/m/emoticon/icon/others/d_doge-d903433c82.png"" style=""width:1em; height:1em;"" /></span><br /><br />1、五五开卢本伟上《焦点访谈》，遭央视点名封杀<br />2、蛇哥同被斗鱼、虎牙共同起诉，负债6400万<br />3、冯提莫会计门上央视，同时被曝隐婚两年<br />4、嗨氏跳槽斗鱼被判赔偿虎牙4900万<br />5、魔音糯米时隔半年沉冤得雪，蓝洞名誉扫地<br />6、陈一发因早年调 ...<a href=""/status/4318605091193135"">全文</a>"	5937999922	https://m.weibo.cn/status/H7O0d50o7?mblogid=H7O0d50o7&luicode=10000011&lfid=100103type%3D1%26q%3D%E5%8D%A2%E6%9C%AC%E4%BC%9F&featurecode=20000320	1309729
4317986146284826	339	12-16	115	"<a  href=""https://m.weibo.cn/search?containerid=231522type%3D1%26t%3D10%26q%3D%23%E5%90%90%E6%A7%BD%E5%A4%A7%E4%BC%9A%23&isnewpage=1&luicode=10000011&lfid=100103type%3D1%26q%3D%E5%8D%A2%E6%9C%AC%E4%BC%9F&featurecode=20000320"" data-hide=""""><span class=""surl-text"">#吐槽大会#</span></a> 插刀教教主杜淳这个不要脸的玩意还好意思洗白？！我去你大爷的吧！比过世了的主播卢本伟还人品卑劣！ "	3050893364	https://m.weibo.cn/status/H7xTUqmYa?mblogid=H7xTUqmYa&luicode=10000011&lfid=100103type%3D1%26q%3D%E5%8D%A2%E6%9C%AC%E4%BC%9F&featurecode=20000320	612719
4318640918453526	0	40分钟前	0	"今天以前的一个同学问我，老师说的那个人是不是我，但我对老师的态度都特别好呀，应该不是我<br />但，六班的一个以前一起补课的同学，叫我卢本伟。<span class=""url-icon""><img alt=[微笑] src=""//h5.sinaimg.cn/m/emoticon/icon/default/d_hehe-4f9f713058.png"" style=""width:1em; height:1em;"" /></span><br />我承认是我的错，但这样真的很烦，我最怕的就是这样<br />好累好累 "	6784381276	https://m.weibo.cn/status/H7OVZzt9c?mblogid=H7OVZzt9c&luicode=10000011&lfid=100103type%3D1%26q%3D%E5%8D%A2%E6%9C%AC%E4%BC%9F&featurecode=20000320	12
4318635700969084	0	1小时前	0	"<a  href=""https://m.weibo.cn/p/index?containerid=100808bca64c9ec2d5e03e082dd0f13f42ea64&extparam=%E5%8D%A2%E6%9C%AC%E4%BC%9F&luicode=10000011&lfid=100103type%3D1%26q%3D%E5%8D%A2%E6%9C%AC%E4%BC%9F&featurecode=20000320"" data-hide=""""><span class='url-icon'><img style='width: 1rem;height: 1rem' src='http://n.sinaimg.cn/photo/5213b46e/20181127/timeline_card_small_super_default.png'></span><span class=""surl-text"">卢本伟</span></a><a  href=""https://m.weibo.cn/search?containerid=231522type%3D1%26t%3D10%26q%3D%23%E5%9C%A3%E8%AF%9E%E5%AD%A3%23&isnewpage=1&luicode=10000011&lfid=100103type%3D1%26q%3D%E5%8D%A2%E6%9C%AC%E4%BC%9F&featurecode=20000320"" data-hide=""""><span class=""surl-text"">#圣诞季#</span></a> 很想很想很想你这个狗贼<br />每天晚上都得放着你的录播入睡<span class=""url-icon""><img alt=[失望] src=""//h5.sinaimg.cn/m/emoticon/icon/default/d_shiwang-775c6c63ae.png"" style=""width:1em; height:1em;"" /></span><br />圣诞节快到了  给自己安排个头像先 "	2468713434	https://m.weibo.cn/status/H7ONA446o?mblogid=H7ONA446o&luicode=10000011&lfid=100103type%3D1%26q%3D%E5%8D%A2%E6%9C%AC%E4%BC%9F&featurecode=20000320	299
4318634731837996	1	1小时前	0	"盘点一下2018年十大主播事件 <span class=""url-icon""><img alt=[doge] src=""//h5.sinaimg.cn/m/emoticon/icon/others/d_doge-d903433c82.png"" style=""width:1em; height:1em;"" /></span><br /><br />1、五五开卢本伟上《焦点访谈》，遭央视点名封杀<br />2、蛇哥同被斗鱼、虎牙共同起诉，负债6400万<br />3、冯提莫会计门上央视，同时被曝隐婚两年<br />4、嗨氏跳槽斗鱼被判赔偿虎牙，蓝洞名誉扫地<br />6、陈一发因早年调侃南京大屠杀一事被全网封杀<br />7、斗鱼主播“B总001”精日言论被 ...<a href=""/status/4318634731837996"">全文</a>"	1221561195	https://m.weibo.cn/status/H7OM17I96?mblogid=H7OM17I96&luicode=10000011&lfid=100103type%3D1%26q%3D%E5%8D%A2%E6%9C%AC%E4%BC%9F&featurecode=20000320	48148
4318589198661566	8	4小时前	9	"我卢本伟真的没开挂//<a href='/n/老刀99'>@老刀99</a>: 超级瞄准已经部署<span class=""url-icon""><img alt=[二哈] src=""//h5.sinaimg.cn/m/emoticon/icon/others/d_erha-0d2bea3a7d.png"" style=""width:1em; height:1em;"" /></span>//<a href='/n/玩加电竞绝地求生'>@玩加电竞绝地求生</a>:<span class=""url-icon""><img alt=[允悲] src=""//h5.sinaimg.cn/m/emoticon/icon/default/d_yunbei-c6964bf237.png"" style=""width:1em; height:1em;"" /></span><span class=""url-icon""><img alt=[允悲] src=""//h5.sinaimg.cn/m/emoticon/icon/default/d_yunbei-c6964bf237.png"" style=""width:1em; height:1em;"" /></span><span class=""url-icon""><img alt=[允悲] src=""//h5.sinaimg.cn/m/emoticon/icon/default/d_yunbei-c6964bf237.png"" style=""width:1em; height:1em;"" /></span>举报了，对面的空投上有神仙"	1411482802	https://m.weibo.cn/status/H7NAzAlgG?mblogid=H7NAzAlgG&luicode=10000011&lfid=100103type%3D1%26q%3D%E5%8D%A2%E6%9C%AC%E4%BC%9F&featurecode=20000320	2261023
4318583976545169	0	4小时前	0	"我卢本伟重来没有开过挂那天晚上是朋友来我家演示了一下外挂<span class=""url-icon""><img alt=[允悲] src=""//h5.sinaimg.cn/m/emoticon/icon/default/d_yunbei-c6964bf237.png"" style=""width:1em; height:1em;"" /></span>"	2696549081	https://m.weibo.cn/status/H7Ns9rsHf?mblogid=H7Ns9rsHf&luicode=10000011&lfid=100103type%3D1%26q%3D%E5%8D%A2%E6%9C%AC%E4%BC%9F&featurecode=20000320	417
4318551470977524	43	6小时前	1	"<a  href=""https://m.weibo.cn/search?containerid=231522type%3D1%26t%3D10%26q%3D%23%E5%8C%85%E5%AD%90%E8%A2%AB%E6%96%97%E9%B1%BC%E5%B0%81%E4%BA%86%23&extparam=%23%E5%8C%85%E5%AD%90%E8%A2%AB%E6%96%97%E9%B1%BC%E5%B0%81%E4%BA%86%23&luicode=10000011&lfid=100103type%3D1%26q%3D%E5%8D%A2%E6%9C%AC%E4%BC%9F&featurecode=20000320"" data-hide=""""><span class=""surl-text"">#包子被斗鱼封了#</span></a>卢本伟二号，我巴不得包子被永封！以后每天举报一次，举报到他不直播为止<span class=""url-icon""><img alt=[怒] src=""//h5.sinaimg.cn/m/emoticon/icon/default/d_nu-3895b46600.png"" style=""width:1em; height:1em;"" /></span> "	5774133372	https://m.weibo.cn/status/H7MBJ46iw?mblogid=H7MBJ46iw&luicode=10000011&lfid=100103type%3D1%26q%3D%E5%8D%A2%E6%9C%AC%E4%BC%9F&featurecode=20000320	27
4318544680080326	0	7小时前	0	"卢本伟牛逼<br />刷到了卢姥爷<span class=""url-icon""><img alt=[哈哈] src=""//h5.sinaimg.cn/m/emoticon/icon/default/d_haha-bdd6ceb619.png"" style=""width:1em; height:1em;"" /></span><span class=""url-icon""><img alt=[doge] src=""//h5.sinaimg.cn/m/emoticon/icon/others/d_doge-d903433c82.png"" style=""width:1em; height:1em;"" /></span> <a data-url=""http://t.cn/z8AGZxw"" href=""https://m.weibo.cn/p/index?title=%E4%BD%8D%E7%BD%AE&containerid=100101B2094656D66DA2F4419D&luicode=10000011&lfid=100103type%3D1%26q%3D%E5%8D%A2%E6%9C%AC%E4%BC%9F&featurecode=20000320"" data-hide=""""><span class='url-icon'><img style='width: 1rem;height: 1rem' src='https://h5.sinaimg.cn/upload/2015/09/25/3/timeline_card_small_location_default.png'></span><span class=""surl-text"">秦皇岛·秦皇岛职业技术学院</span></a> "	6072653874	https://m.weibo.cn/status/H7MqM0kTA?mblogid=H7MqM0kTA&luicode=10000011&lfid=100103type%3D1%26q%3D%E5%8D%A2%E6%9C%AC%E4%BC%9F&featurecode=20000320	35
4318537717136138	0	7小时前	0	"这热搜上的包子被斗鱼封了的微博底下的粉丝们（或者是水军？）要不你们也学卢本伟，拍个骂人视频发网上呗<span class=""url-icon""><img alt=[doge] src=""//h5.sinaimg.cn/m/emoticon/icon/others/d_doge-d903433c82.png"" style=""width:1em; height:1em;"" /></span>喷的这么起劲，干嘛不拍视频问候别人啊 "	5138413468	https://m.weibo.cn/status/H7MfxtWr0?mblogid=H7MfxtWr0&luicode=10000011&lfid=100103type%3D1%26q%3D%E5%8D%A2%E6%9C%AC%E4%BC%9F&featurecode=20000320	282
4317907960288373	1370	12-16	113	卧槽卢本伟给我的生日礼物！！！<br />詹姆斯亲笔签名的鞋！！！<br />我的妈呀啊啊啊啊啊啊啊<br />六年来最满意的礼物 	5882951422	https://m.weibo.cn/status/H7vRO1d1b?mblogid=H7vRO1d1b&luicode=10000011&lfid=100103type%3D1%26q%3D%E5%8D%A2%E6%9C%AC%E4%BC%9F&featurecode=20000320	1570223
4318527709655169	0	8小时前	0	"只有我一个人认为包子像卢本伟吗<span class=""url-icon""><img alt=[摊手] src=""//h5.sinaimg.cn/m/emoticon/icon/default/d_tanshou-dcf7d5d0d6.png"" style=""width:1em; height:1em;"" /></span> "	5459887884	https://m.weibo.cn/status/H7LZoEvKx?mblogid=H7LZoEvKx&luicode=10000011&lfid=100103type%3D1%26q%3D%E5%8D%A2%E6%9C%AC%E4%BC%9F&featurecode=20000320	8540
4318517026756007	0	8小时前	0	"卢本伟！绝地大科学家！我真的没开瓜！怎么？能29杀！把背包！变成平低锅！是我卢本伟的拿手绝活！我求你们了！我真的没有开瓜！卢本伟！是一个要面子的人！求好心人上香。 UP主：水果沙拉加蜂蜜 <br /><a  href=""https://m.weibo.cn/search?containerid=231522type%3D1%26t%3D10%26q%3D%23bilibili%23&isnewpage=1&luicode=10000011&lfid=100103type%3D1%26q%3D%E5%8D%A2%E6%9C%AC%E4%BC%9F&featurecode=20000320"" data-hide=""""><span class=""surl-text"">#bilibili#</span></a> <a data-url=""http://t.cn/EUkafZY"" target=""_blank"" href=""https://weibo.cn/sinaurl/blockedc1f6e5a3?url=http%3A%2F%2Fshare.acg.tv%2Fav38391207&sinainternalbrowser=topnav&share_menu=1&url_type=39&object_type=video&pos=1&luicode=10000011&lfid=100103type%3D1%26q%3D%E5%8D%A2%E6%9C%AC%E4%BC%9F&featurecode=20000320&u=http%3A%2F%2Fshare.acg.tv%2Fav38391207"" class=""""><span class='url-icon'><img style='width: 1rem;height: 1rem' src='https://h5.sinaimg.cn/upload/2015/09/25/3/timeline_card_small_video_default.png'></span><span class=""surl-text"">卢本伟！绝地大科学家！我真的没开瓜！怎么？能29杀！把背包！变成平低锅！是我卢本伟的拿手绝活！我求你们了！我真的没有开瓜！卢本伟！是一个要面子的人！求好心人上香</span></a> （哔哩哔哩客户端下载<a data-url=""http://t.cn/R1oqGXc"" target=""_blank"" href=""https://weibo.cn/sinaurl/blockeda5a0800b?bsource=share_weibo&luicode=10000011&lfid=100103type%3D1%26q%3D%E5%8D%A2%E6%9C%AC%E4%BC%9F&featurecode=20000320&u=http%3A%2F%2Fd.bilibili.com%2Fdownload_app.html%3Fbsource%3Dshare_weibo"" class=""""><span class='url-icon'><img style='width: 1rem;height: 1rem' src='//h5.sinaimg.cn/upload/2015/09/25/3/timeline_card_small_web_default.png'></span><span class=""surl-text"">网页链接</span></a>） "	6644253869	https://m.weibo.cn/status/H7LIaslxR?mblogid=H7LIaslxR&luicode=10000011&lfid=100103type%3D1%26q%3D%E5%8D%A2%E6%9C%AC%E4%BC%9F&featurecode=20000320	47
4318516607203167	0	8小时前	0	虽然斗鱼有问题，不过包子也是接了广告。不过这都不是重点。重点是不要把节奏闹大，让别人顺势当枪使了。现在的舆论环境都懂得。我可不想让包子成为下一个卢本伟。	3468856062	https://m.weibo.cn/status/H7LHuudS7?mblogid=H7LHuudS7&luicode=10000011&lfid=100103type%3D1%26q%3D%E5%8D%A2%E6%9C%AC%E4%BC%9F&featurecode=20000320	67
4318512916979132	0	9小时前	0	"<a  href=""https://m.weibo.cn/search?containerid=231522type%3D1%26t%3D10%26q%3D%23%E5%8C%85%E5%AD%90%E8%A2%AB%E6%96%97%E9%B1%BC%E5%B0%81%E4%BA%86%23&extparam=%23%E5%8C%85%E5%AD%90%E8%A2%AB%E6%96%97%E9%B1%BC%E5%B0%81%E4%BA%86%23&luicode=10000011&lfid=100103type%3D1%26q%3D%E5%8D%A2%E6%9C%AC%E4%BC%9F&featurecode=20000320"" data-hide=""""><span class=""surl-text"">#包子被斗鱼封了#</span></a>想念有卢本伟直播的日子，不知道第几天，早上好 "	5606984156	https://m.weibo.cn/status/H7LBxthAE?mblogid=H7LBxthAE&luicode=10000011&lfid=100103type%3D1%26q%3D%E5%8D%A2%E6%9C%AC%E4%BC%9F&featurecode=20000320	5654
4318511306435755	1	9小时前	0	我卢本伟没有开挂 	5751817029	https://m.weibo.cn/status/H7LyWr0ev?mblogid=H7LyWr0ev&luicode=10000011&lfid=100103type%3D1%26q%3D%E5%8D%A2%E6%9C%AC%E4%BC%9F&featurecode=20000320	114
4318506977991494	2	9小时前	0	"<a  href=""https://m.weibo.cn/search?containerid=231522type%3D1%26t%3D10%26q%3D%23%E6%88%91%E7%88%B1%E5%90%83%E9%B8%A1%23&isnewpage=1&luicode=10000011&lfid=100103type%3D1%26q%3D%E5%8D%A2%E6%9C%AC%E4%BC%9F&featurecode=20000320"" data-hide=""""><span class=""surl-text"">#我爱吃鸡#</span></a><a  href=""https://m.weibo.cn/search?containerid=231522type%3D1%26t%3D10%26q%3D%23%E5%90%83%E9%B8%A1%23&isnewpage=1&luicode=10000011&lfid=100103type%3D1%26q%3D%E5%8D%A2%E6%9C%AC%E4%BC%9F&featurecode=20000320"" data-hide=""""><span class=""surl-text"">#吃鸡#</span></a> 今天发生了那么多少事情最后都是为了提醒大家一句：wlbwmykg <span class=""url-icon""><img alt=[doge] src=""//h5.sinaimg.cn/m/emoticon/icon/others/d_doge-d903433c82.png"" style=""width:1em; height:1em;"" /></span> <a  href=""https://m.weibo.cn/search?containerid=231522type%3D1%26t%3D10%26q%3D%23%E5%8D%A2%E6%9C%AC%E4%BC%9F29%E6%9D%80%E4%B8%80%E5%91%A8%E5%B9%B4%23&extparam=%23%E5%8D%A2%E6%9C%AC%E4%BC%9F29%E6%9D%80%E4%B8%80%E5%91%A8%E5%B9%B4%23&luicode=10000011&lfid=100103type%3D1%26q%3D%E5%8D%A2%E6%9C%AC%E4%BC%9F&featurecode=20000320"" data-hide=""""><span class=""surl-text"">#卢本伟29杀一周年#</span></a> （转自网络） <a data-url=""http://t.cn/ELpkUno"" href=""https://m.weibo.cn/p/index?containerid=2304444311469873936319&url_type=39&object_type=video&pos=1&luicode=10000011&lfid=100103type%3D1%26q%3D%E5%8D%A2%E6%9C%AC%E4%BC%9F&featurecode=20000320"" data-hide=""""><span class='url-icon'><img style='width: 1rem;height: 1rem' src='https://h5.sinaimg.cn/upload/2015/09/25/3/timeline_card_small_video_default.png'></span><span class=""surl-text"">游戏圈逗比君的秒拍视频</span></a>  <a data-url=""http://t.cn/R2dLOfE"" href=""https://m.weibo.cn/p/index?title=%E5%95%86%E5%9C%88&containerid=1001018008633021205000000&luicode=10000011&lfid=100103type%3D1%26q%3D%E5%8D%A2%E6%9C%AC%E4%BC%9F&featurecode=20000320"" data-hide=""""><span class='url-icon'><img style='width: 1rem;height: 1rem' src='https://h5.sinaimg.cn/upload/2015/09/25/3/timeline_card_small_location_default.png'></span><span class=""surl-text"">宁波 · 下应街区</span></a> "	2112675005	https://m.weibo.cn/status/H7LrXxwX4?mblogid=H7LrXxwX4&luicode=10000011&lfid=100103type%3D1%26q%3D%E5%8D%A2%E6%9C%AC%E4%BC%9F&featurecode=20000320	666
4318501517174408	0	9小时前	0	"<a  href=""https://m.weibo.cn/search?containerid=231522type%3D1%26t%3D10%26q%3D%23%E5%8C%85%E5%AD%90%E8%A2%AB%E6%96%97%E9%B1%BC%E5%B0%81%E4%BA%86%23&extparam=%23%E5%8C%85%E5%AD%90%E8%A2%AB%E6%96%97%E9%B1%BC%E5%B0%81%E4%BA%86%23&luicode=10000011&lfid=100103type%3D1%26q%3D%E5%8D%A2%E6%9C%AC%E4%BC%9F&featurecode=20000320"" data-hide=""""><span class=""surl-text"">#包子被斗鱼封了#</span></a>怎么包子脸和卢本伟长得差不多，第一眼看着以为同一个人！ "	2743216433	https://m.weibo.cn/status/H7Lj9u6og?mblogid=H7Lj9u6og&luicode=10000011&lfid=100103type%3D1%26q%3D%E5%8D%A2%E6%9C%AC%E4%BC%9F&featurecode=20000320	813
4318501008843309	9	9小时前	0	"<a  href=""https://m.weibo.cn/search?containerid=231522type%3D1%26t%3D10%26q%3D%23%E5%8C%85%E5%AD%90%E8%A2%AB%E6%96%97%E9%B1%BC%E5%B0%81%E4%BA%86%23&extparam=%23%E5%8C%85%E5%AD%90%E8%A2%AB%E6%96%97%E9%B1%BC%E5%B0%81%E4%BA%86%23&luicode=10000011&lfid=100103type%3D1%26q%3D%E5%8D%A2%E6%9C%AC%E4%BC%9F&featurecode=20000320"" data-hide=""""><span class=""surl-text"">#包子被斗鱼封了#</span></a>斗鱼一英雄联盟主播被平台封禁，斗鱼撸组孙哥喊话，接私单还有理了？<br />网友：这人照片猛一看还以为是卢本伟<span class=""url-icon""><img alt=[允悲] src=""//h5.sinaimg.cn/m/emoticon/icon/default/d_yunbei-c6964bf237.png"" style=""width:1em; height:1em;"" /></span>。<a  href=""https://m.weibo.cn/p/index?containerid=10080854838a6bbae2a14b0fb0c7905f6a070a&extparam=%E8%8B%B1%E9%9B%84%E8%81%94%E7%9B%9F&luicode=10000011&lfid=100103type%3D1%26q%3D%E5%8D%A2%E6%9C%AC%E4%BC%9F&featurecode=20000320"" data-hide=""""><span class='url-icon'><img style='width: 1rem;height: 1rem' src='http://n.sinaimg.cn/photo/5213b46e/20181127/timeline_card_small_super_default.png'></span><span class=""surl-text"">英雄联盟</span></a> "	5087032179	https://m.weibo.cn/status/H7LikB6y1?mblogid=H7LikB6y1&luicode=10000011&lfid=100103type%3D1%26q%3D%E5%8D%A2%E6%9C%AC%E4%BC%9F&featurecode=20000320	320666
4318496622590379	16	10小时前	0	包子被斗鱼封了,斗鱼撸组孙哥表示因为包子接私单，所以超管封了包子的直播间……不过包子人气真高啊，说到人气高，不禁让我想到当年的卢本伟，也是一样人气高的批爆，明年年初，中日合拍的超管送妈即将开机，我将会继续扮演着撕裂的天堂 	3734797043	https://m.weibo.cn/status/H7LbgaRSj?mblogid=H7LbgaRSj&luicode=10000011&lfid=100103type%3D1%26q%3D%E5%8D%A2%E6%9C%AC%E4%BC%9F&featurecode=20000320	68714
4318238802823899	16	昨天 15:30	0	"我真的很tm像卢本伟<span class=""url-icon""><img alt=[摊手] src=""//h5.sinaimg.cn/m/emoticon/icon/default/d_tanshou-dcf7d5d0d6.png"" style=""width:1em; height:1em;"" /></span><span class=""url-icon""><img alt=[摊手] src=""//h5.sinaimg.cn/m/emoticon/icon/default/d_tanshou-dcf7d5d0d6.png"" style=""width:1em; height:1em;"" /></span><span class=""url-icon""><img alt=[摊手] src=""//h5.sinaimg.cn/m/emoticon/icon/default/d_tanshou-dcf7d5d0d6.png"" style=""width:1em; height:1em;"" /></span> "	2204281712	https://m.weibo.cn/status/H7EtqbQCL?mblogid=H7EtqbQCL&luicode=10000011&lfid=100103type%3D1%26q%3D%E5%8D%A2%E6%9C%AC%E4%BC%9F&featurecode=20000320	641
4317809087511022	33	12-16	7	"<a  href=""https://m.weibo.cn/p/index?containerid=10080854838a6bbae2a14b0fb0c7905f6a070a&extparam=%E8%8B%B1%E9%9B%84%E8%81%94%E7%9B%9F&luicode=10000011&lfid=100103type%3D1%26q%3D%E5%8D%A2%E6%9C%AC%E4%BC%9F&featurecode=20000320"" data-hide=""""><span class='url-icon'><img style='width: 1rem;height: 1rem' src='http://n.sinaimg.cn/photo/5213b46e/20181127/timeline_card_small_super_default.png'></span><span class=""surl-text"">英雄联盟</span></a> UU把卢本伟电脑卖了。。价值2w的电脑8000块钱挂咸鱼，开哥这是已经彻底放弃了吗<span class=""url-icon""><img alt=[doge] src=""//h5.sinaimg.cn/m/emoticon/icon/others/d_doge-d903433c82.png"" style=""width:1em; height:1em;"" /></span> "	3016113645	https://m.weibo.cn/status/H7tikvvXw?mblogid=H7tikvvXw&luicode=10000011&lfid=100103type%3D1%26q%3D%E5%8D%A2%E6%9C%AC%E4%BC%9F&featurecode=20000320	314618
4318381417041521	0	17小时前	0	"<a  href=""https://m.weibo.cn/p/index?containerid=100808bca64c9ec2d5e03e082dd0f13f42ea64&extparam=%E5%8D%A2%E6%9C%AC%E4%BC%9F&luicode=10000011&lfid=100103type%3D1%26q%3D%E5%8D%A2%E6%9C%AC%E4%BC%9F&featurecode=20000320"" data-hide=""""><span class='url-icon'><img style='width: 1rem;height: 1rem' src='http://n.sinaimg.cn/photo/5213b46e/20181127/timeline_card_small_super_default.png'></span><span class=""surl-text"">卢本伟</span></a> 幸亏还有四张补签卡，差点就要放弃了<span class=""url-icon""><img alt=[二哈] src=""//h5.sinaimg.cn/m/emoticon/icon/others/d_erha-0d2bea3a7d.png"" style=""width:1em; height:1em;"" /></span> "	5652760087	https://m.weibo.cn/status/H7IbrtxOV?mblogid=H7IbrtxOV&luicode=10000011&lfid=100103type%3D1%26q%3D%E5%8D%A2%E6%9C%AC%E4%BC%9F&featurecode=20000320	162
4318372172998795	0	18小时前	0	"卢本伟！绝地科学家！人称绝地求生外瓜五五开！卢本伟生前是一个体面人！好心人上香在走吧！大家如果喜欢点一下关注谢谢大家了！。 UP主：水果沙拉加蜂蜜 <br /><a  href=""https://m.weibo.cn/search?containerid=231522type%3D1%26t%3D10%26q%3D%23bilibili%23&isnewpage=1&luicode=10000011&lfid=100103type%3D1%26q%3D%E5%8D%A2%E6%9C%AC%E4%BC%9F&featurecode=20000320"" data-hide=""""><span class=""surl-text"">#bilibili#</span></a> <a data-url=""http://t.cn/EUDvQ9Q"" target=""_blank"" href=""https://weibo.cn/sinaurl/blockede2d65c28?url=http%3A%2F%2Fshare.acg.tv%2Fav28853835&sinainternalbrowser=topnav&share_menu=1&url_type=39&object_type=video&pos=1&luicode=10000011&lfid=100103type%3D1%26q%3D%E5%8D%A2%E6%9C%AC%E4%BC%9F&featurecode=20000320&u=http%3A%2F%2Fshare.acg.tv%2Fav28853835"" class=""""><span class='url-icon'><img style='width: 1rem;height: 1rem' src='https://h5.sinaimg.cn/upload/2015/09/25/3/timeline_card_small_video_default.png'></span><span class=""surl-text"">卢本伟！绝地科学家！人称绝地求生外瓜五五开！卢本伟生前是一个体面人！好心人上香在走吧！大家如果喜欢点一下关注谢谢大家了！</span></a> （哔哩哔哩客户端下载<a data-url=""http://t.cn/R1oqGXc"" target=""_blank"" href=""https://weibo.cn/sinaurl/blockeda5a0800b?bsource=share_weibo&luicode=10000011&lfid=100103type%3D1%26q%3D%E5%8D%A2%E6%9C%AC%E4%BC%9F&featurecode=20000320&u=http%3A%2F%2Fd.bilibili.com%2Fdownload_app.html%3Fbsource%3Dshare_weibo"" class=""""><span class='url-icon'><img style='width: 1rem;height: 1rem' src='//h5.sinaimg.cn/upload/2015/09/25/3/timeline_card_small_web_default.png'></span><span class=""surl-text"">网页链接</span></a>） "	6644253869	https://m.weibo.cn/status/H7HWxcA7F?mblogid=H7HWxcA7F&luicode=10000011&lfid=100103type%3D1%26q%3D%E5%8D%A2%E6%9C%AC%E4%BC%9F&featurecode=20000320	47
4318360210011144	0	19小时前	0	"当康纳有900的敏捷       底特律.便乘人-如果康纳购买卢本伟同款外挂.底特律.便乘人 UP主: 帝王消防栓 <br /><a  href=""https://m.weibo.cn/search?containerid=231522type%3D1%26t%3D10%26q%3D%23bilibili%23&isnewpage=1&luicode=10000011&lfid=100103type%3D1%26q%3D%E5%8D%A2%E6%9C%AC%E4%BC%9F&featurecode=20000320"" data-hide=""""><span class=""surl-text"">#bilibili#</span></a> <a data-url=""http://t.cn/EUen7Bx"" target=""_blank"" href=""https://weibo.cn/sinaurl/blockedba4b66b8?url=http%3A%2F%2Fshare.acg.tv%2Fav27294895&sinainternalbrowser=topnav&share_menu=1&url_type=39&object_type=video&pos=1&luicode=10000011&lfid=100103type%3D1%26q%3D%E5%8D%A2%E6%9C%AC%E4%BC%9F&featurecode=20000320&u=http%3A%2F%2Fshare.acg.tv%2Fav27294895"" class=""""><span class='url-icon'><img style='width: 1rem;height: 1rem' src='https://h5.sinaimg.cn/upload/2015/09/25/3/timeline_card_small_video_default.png'></span><span class=""surl-text"">当康纳有900的敏捷       底特律.便乘人</span></a> (哔哩哔哩客户端下载 <a data-url=""http://t.cn/R1oqGXc"" target=""_blank"" href=""https://weibo.cn/sinaurl/blockeda5a0800b?bsource=share_weibo&luicode=10000011&lfid=100103type%3D1%26q%3D%E5%8D%A2%E6%9C%AC%E4%BC%9F&featurecode=20000320&u=http%3A%2F%2Fd.bilibili.com%2Fdownload_app.html%3Fbsource%3Dshare_weibo"" class=""""><span class='url-icon'><img style='width: 1rem;height: 1rem' src='//h5.sinaimg.cn/upload/2015/09/25/3/timeline_card_small_web_default.png'></span><span class=""surl-text"">网页链接</span></a> ) <br />我不允许有人没看过这个视频，康纳说脏话太帅了我的天啊我的心啊狂跳啊我的妈呀我的耶稣大佛<a  href=""https://m.weibo.cn/search?containerid=231522type%3D1%26t%3D10%26q%3D%23%E5%BA%95%E7%89%B9%E5%BE%8B%3A%E5%8F%98%E4%BA%BA%23&isnewpage=1&luicode=10000011&lfid=100103type%3D1%26q%3D%E5%8D%A2%E6%9C%AC%E4%BC%9F&featurecode=20000320"" data-hide=""""><span class=""surl-text"">#底特律:变人#</span></a> "	6476919222	https://m.weibo.cn/status/H7HDf02TK?mblogid=H7HDf02TK&luicode=10000011&lfid=100103type%3D1%26q%3D%E5%8D%A2%E6%9C%AC%E4%BC%9F&featurecode=20000320	35
4318352920877952	0	19小时前	0	"我，卢本伟，没开挂<span class=""url-icon""><img alt=[doge] src=""//h5.sinaimg.cn/m/emoticon/icon/others/d_doge-d903433c82.png"" style=""width:1em; height:1em;"" /></span> "	5470272930	https://m.weibo.cn/status/H7Hru3Gow?mblogid=H7Hru3Gow&luicode=10000011&lfid=100103type%3D1%26q%3D%E5%8D%A2%E6%9C%AC%E4%BC%9F&featurecode=20000320	45
4318294468948264	0	23小时前	0	"是你吗卢本伟？ <a data-url=""http://t.cn/z8Lx2S6"" href=""https://m.weibo.cn/p/index?title=%E4%BD%8D%E7%BD%AE&containerid=100101B2094656D16AAAFC4398&luicode=10000011&lfid=100103type%3D1%26q%3D%E5%8D%A2%E6%9C%AC%E4%BC%9F&featurecode=20000320"" data-hide=""""><span class='url-icon'><img style='width: 1rem;height: 1rem' src='https://h5.sinaimg.cn/upload/2015/09/25/3/timeline_card_small_location_default.png'></span><span class=""surl-text"">沧州·肯德基(顺城餐厅)</span></a> "	3734811902	https://m.weibo.cn/status/H7FVcBxQQ?mblogid=H7FVcBxQQ&luicode=10000011&lfid=100103type%3D1%26q%3D%E5%8D%A2%E6%9C%AC%E4%BC%9F&featurecode=20000320	138
4318291931540505	0	23小时前	0	"卢老爷在天之灵保佑我🙏<a  href=""https://m.weibo.cn/p/index?containerid=10151501_63408644&url_type=&object_type=audio&pos=1&luicode=10000011&lfid=100103type%3D1%26q%3D%E5%8D%A2%E6%9C%AC%E4%BC%9F&featurecode=20000320"" data-hide=""""><span class='url-icon'><img style='width: 1rem;height: 1rem' src='https://h5.sinaimg.cn/upload/2015/09/25/3/timeline_card_small_music_default.png'></span><span class=""surl-text"">体面-卢本伟</span></a> "	5211186483	https://m.weibo.cn/status/H7FR76sKR?mblogid=H7FR76sKR&luicode=10000011&lfid=100103type%3D1%26q%3D%E5%8D%A2%E6%9C%AC%E4%BC%9F&featurecode=20000320	395
4317905342271931	401	12-16	16	贼好笑哈哈哈哈哈我和卢本伟的睡衣风同款<br />今天我起床随便抓了一条裤子就穿了<br />结果<br />哈哈哈哈哈哈我穿了他的他穿了我的 	5882951422	https://m.weibo.cn/status/H7vNA9x23?mblogid=H7vNA9x23&luicode=10000011&lfid=100103type%3D1%26q%3D%E5%8D%A2%E6%9C%AC%E4%BC%9F&featurecode=20000320	1570223
4318287594189543	0	昨天 18:44	0	"哟？不是要干死花总吗？怂什么？怕蹲号子？<span class=""url-icon""><img alt=[doge] src=""//h5.sinaimg.cn/m/emoticon/icon/others/d_doge-d903433c82.png"" style=""width:1em; height:1em;"" /></span>卢本伟被封号也说朋友？干的，咋的，朋友和同事都不是人是吧//<a href='/n/霜叶'>@霜叶</a>:前后扯谎都不一致……另外故意泄漏花总隐私，别想道歉就结束"	1899832431	https://m.weibo.cn/status/H7FK7hzTh?mblogid=H7FK7hzTh&luicode=10000011&lfid=100103type%3D1%26q%3D%E5%8D%A2%E6%9C%AC%E4%BC%9F&featurecode=20000320	707
4318270242743426	0	昨天 17:35	0	"即将失去可爱的卢本伟<span class=""url-icon""><img alt=[泪] src=""//h5.sinaimg.cn/m/emoticon/icon/default/d_lei-316a1a3ed5.png"" style=""width:1em; height:1em;"" /></span><span class=""url-icon""><img alt=[泪] src=""//h5.sinaimg.cn/m/emoticon/icon/default/d_lei-316a1a3ed5.png"" style=""width:1em; height:1em;"" /></span> <a data-url=""http://t.cn/ROvQPjD"" href=""https://m.weibo.cn/p/index?title=%E5%95%86%E5%9C%88&containerid=1001018008621020400000004&luicode=10000011&lfid=100103type%3D1%26q%3D%E5%8D%A2%E6%9C%AC%E4%BC%9F&featurecode=20000320"" data-hide=""""><span class='url-icon'><img style='width: 1rem;height: 1rem' src='https://h5.sinaimg.cn/upload/2015/09/25/3/timeline_card_small_location_default.png'></span><span class=""surl-text"">大连 · 黑石礁</span></a> "	5662514725	https://m.weibo.cn/status/H7Fi8bvGO?mblogid=H7Fi8bvGO&luicode=10000011&lfid=100103type%3D1%26q%3D%E5%8D%A2%E6%9C%AC%E4%BC%9F&featurecode=20000320	197
4318264127154345	0	昨天 17:11	0	"虽然不知道发生了什么，但是还是忍不住要呐喊：卢本伟牛逼！<span class=""url-icon""><img alt=[怒骂] src=""//h5.sinaimg.cn/m/emoticon/icon/default/d_numa-90f7682472.png"" style=""width:1em; height:1em;"" /></span>"	1341470062	https://m.weibo.cn/status/H7F8gu1aF?mblogid=H7F8gu1aF&luicode=10000011&lfid=100103type%3D1%26q%3D%E5%8D%A2%E6%9C%AC%E4%BC%9F&featurecode=20000320	545
4318262457588789	0	昨天 17:04	1	"<a  href=""https://m.weibo.cn/p/index?containerid=100808bca64c9ec2d5e03e082dd0f13f42ea64&extparam=%E5%8D%A2%E6%9C%AC%E4%BC%9F&luicode=10000011&lfid=100103type%3D1%26q%3D%E5%8D%A2%E6%9C%AC%E4%BC%9F&featurecode=20000320"" data-hide=""""><span class='url-icon'><img style='width: 1rem;height: 1rem' src='http://n.sinaimg.cn/photo/5213b46e/20181127/timeline_card_small_super_default.png'></span><span class=""surl-text"">卢本伟</span></a> <span class=""url-icon""><img alt=[哆啦A梦微笑] src=""//h5.sinaimg.cn/m/emoticon/icon/doraemon/dr_weixiao-596608a586.png"" style=""width:1em; height:1em;"" /></span>忘了从哪保存的了… <a data-url=""http://t.cn/EUrgqLN"" href=""https://m.weibo.cn/p/index?containerid=2304444318262440214153&url_type=39&object_type=video&pos=1&luicode=10000011&lfid=100103type%3D1%26q%3D%E5%8D%A2%E6%9C%AC%E4%BC%9F&featurecode=20000320"" data-hide=""""><span class='url-icon'><img style='width: 1rem;height: 1rem' src='https://h5.sinaimg.cn/upload/2015/09/25/3/timeline_card_small_video_default.png'></span><span class=""surl-text"">·澪·的秒拍视频</span></a> "	2567592371	https://m.weibo.cn/status/H7F5zvQbP?mblogid=H7F5zvQbP&luicode=10000011&lfid=100103type%3D1%26q%3D%E5%8D%A2%E6%9C%AC%E4%BC%9F&featurecode=20000320	519
4318232145464460	1	昨天 15:03	0	"说到🐱💡🐸🐯🐻五开花，我就想到五五开。说到五五开，大家都说他开挂，今天我再说一遍：我卢本伟没有开挂<a  href=""https://m.weibo.cn/p/index?containerid=1008083a2a4dd50147cb4c483a636a99f30eab&extparam=%E5%85%AD%E5%B0%8F%E9%BE%84%E7%AB%A5%E4%BD%93&luicode=10000011&lfid=100103type%3D1%26q%3D%E5%8D%A2%E6%9C%AC%E4%BC%9F&featurecode=20000320"" data-hide=""""><span class='url-icon'><img style='width: 1rem;height: 1rem' src='http://n.sinaimg.cn/photo/5213b46e/20181127/timeline_card_small_super_default.png'></span><span class=""surl-text"">六小龄童体</span></a><a  href=""https://m.weibo.cn/search?containerid=231522type%3D1%26t%3D10%26q%3D%23%E7%AB%A0%E5%8F%A3%E5%B0%B1%E8%8E%B1%23&extparam=%23%E7%AB%A0%E5%8F%A3%E5%B0%B1%E8%8E%B1%23&luicode=10000011&lfid=100103type%3D1%26q%3D%E5%8D%A2%E6%9C%AC%E4%BC%9F&featurecode=20000320"" data-hide=""""><span class=""surl-text"">#章口就莱#</span></a> "	5554780775	https://m.weibo.cn/status/H7EiGmVys?mblogid=H7EiGmVys&luicode=10000011&lfid=100103type%3D1%26q%3D%E5%8D%A2%E6%9C%AC%E4%BC%9F&featurecode=20000320	1327
4318217675651665	10	昨天 14:06	68	"道歉有用要警擦干嘛。。。弱鸡就弱，连jj都没有。。。<a  href=""https://m.weibo.cn/search?containerid=231522type%3D1%26t%3D10%26q%3D%23%E9%98%BF%E5%80%BA%E8%81%8A%E6%96%8B%23&extparam=%23%E9%98%BF%E5%80%BA%E8%81%8A%E6%96%8B%23&luicode=10000011&lfid=100103type%3D1%26q%3D%E5%8D%A2%E6%9C%AC%E4%BC%9F&featurecode=20000320"" data-hide=""""><span class=""surl-text"">#阿债聊斋#</span></a> //<a href='/n/戈蓝V'>@戈蓝V</a>: 消费过气博主<span class=""url-icon""><img alt=[吃瓜] src=""//h5.sinaimg.cn/m/emoticon/icon/default/d_chigua-90cb948c34.png"" style=""width:1em; height:1em;"" /></span>//<a href='/n/RyAn_源'>@RyAn_源</a>: 卢本伟当年也是说自己没有开挂只是朋友用他的号他的电脑演示一下开挂啊…<span class=""url-icon""><img alt=[doge] src=""//h5.sinaimg.cn/m/emoticon/icon/others/d_doge-d903433c82.png"" style=""width:1em; height:1em;"" /></span>//<a href='/n/Big鬼Dick舅Futa'>@Big鬼Dick舅Futa</a>: 哦？这个借口够别扭得//<a href='/n/請叫我少先隊員yono'>@請叫我少先隊員yono</a>:你居然怂了，太让大家失望了"	2291429207	https://m.weibo.cn/status/H7DVlnIfT?mblogid=H7DVlnIfT&luicode=10000011&lfid=100103type%3D1%26q%3D%E5%8D%A2%E6%9C%AC%E4%BC%9F&featurecode=20000320	641511
4318201813111285	0	昨天 13:03	0	"<a  href=""https://m.weibo.cn/search?containerid=231522type%3D1%26t%3D10%26q%3D%23%E6%92%A4%E5%9B%9E%E4%BB%8A%E5%B9%B4%E4%BD%A0%E6%9C%80%E5%90%8E%E6%82%94%E8%AF%B4%E7%9A%84%E8%AF%9D%23&extparam=%23%E6%92%A4%E5%9B%9E%E4%BB%8A%E5%B9%B4%E4%BD%A0%E6%9C%80%E5%90%8E%E6%82%94%E8%AF%B4%E7%9A%84%E8%AF%9D%23&luicode=10000011&lfid=100103type%3D1%26q%3D%E5%8D%A2%E6%9C%AC%E4%BC%9F&featurecode=20000320"" data-hide=""""><span class=""surl-text"">#撤回今年你最后悔说的话#</span></a>我卢本伟没有开挂！ "	3929853207	https://m.weibo.cn/status/H7DvLd3o1?mblogid=H7DvLd3o1&luicode=10000011&lfid=100103type%3D1%26q%3D%E5%8D%A2%E6%9C%AC%E4%BC%9F&featurecode=20000320	100
4318162914687696	4	昨天 10:28	0	"<a  href=""https://m.weibo.cn/search?containerid=231522type%3D1%26t%3D10%26q%3D%23%E5%85%AD%E5%B0%8F%E9%BE%84%E7%AB%A5%E4%BD%93%23&extparam=%23%E5%85%AD%E5%B0%8F%E9%BE%84%E7%AB%A5%E4%BD%93%23&luicode=10000011&lfid=100103type%3D1%26q%3D%E5%8D%A2%E6%9C%AC%E4%BC%9F&featurecode=20000320"" data-hide=""""><span class=""surl-text"">#六小龄童体#</span></a>近期六粉洗地让我想起了去年这个时候卢本伟粉丝洗地<span class=""url-icon""><img alt=[太开心] src=""//h5.sinaimg.cn/m/emoticon/icon/default/d_taikaixin-2ea4a8779a.png"" style=""width:1em; height:1em;"" /></span><span class=""url-icon""><img alt=[太开心] src=""//h5.sinaimg.cn/m/emoticon/icon/default/d_taikaixin-2ea4a8779a.png"" style=""width:1em; height:1em;"" /></span><span class=""url-icon""><img alt=[太开心] src=""//h5.sinaimg.cn/m/emoticon/icon/default/d_taikaixin-2ea4a8779a.png"" style=""width:1em; height:1em;"" /></span><span class=""url-icon""><img alt=[太开心] src=""//h5.sinaimg.cn/m/emoticon/icon/default/d_taikaixin-2ea4a8779a.png"" style=""width:1em; height:1em;"" /></span><br />说到洗地，我出演的孙悟空跟他说的话没卵关系，真是巧合，明年年初，中美合拍的电影版西游记即将正式开机，由我继续扮演美猴王孙悟空，我会用美猴王艺术形象努力创造一个正能量的形象，弘扬传统文化， ...<a href=""/status/4318162914687696"">全文</a>"	6272488806	https://m.weibo.cn/status/H7Cv1jFu0?mblogid=H7Cv1jFu0&luicode=10000011&lfid=100103type%3D1%26q%3D%E5%8D%A2%E6%9C%AC%E4%BC%9F&featurecode=20000320	41
4318190701930281	0	昨天 12:19	0	"马飞飞捧着卢姥爷的照片，成了C位出殡<span class=""url-icon""><img alt=[嘻嘻] src=""//h5.sinaimg.cn/m/emoticon/icon/default/d_xixi-ce63ce2629.png"" style=""width:1em; height:1em;"" /></span><span class=""url-icon""><img alt=[蜡烛] src=""//h5.sinaimg.cn/m/emoticon/icon/others/o_lazhu-3725445c33.png"" style=""width:1em; height:1em;"" /></span><a  href=""https://m.weibo.cn/search?containerid=231522type%3D1%26t%3D10%26q%3D%23%E5%8D%A2%E6%9C%AC%E4%BC%9F%23&isnewpage=1&luicode=10000011&lfid=100103type%3D1%26q%3D%E5%8D%A2%E6%9C%AC%E4%BC%9F&featurecode=20000320"" data-hide=""""><span class=""surl-text"">#卢本伟#</span></a><a  href=""https://m.weibo.cn/search?containerid=231522type%3D1%26t%3D10%26q%3D%23%E5%8D%A2%E6%9C%AC%E4%BC%9F29%E6%9D%80%E4%B8%80%E5%91%A8%E5%B9%B4%E7%BA%AA%E5%BF%B5%E6%97%A5%23&extparam=%23%E5%8D%A2%E6%9C%AC%E4%BC%9F29%E6%9D%80%E4%B8%80%E5%91%A8%E5%B9%B4%E7%BA%AA%E5%BF%B5%E6%97%A5%23&luicode=10000011&lfid=100103type%3D1%26q%3D%E5%8D%A2%E6%9C%AC%E4%BC%9F&featurecode=20000320"" data-hide=""""><span class=""surl-text"">#卢本伟29杀一周年纪念日#</span></a> "	5647658543	https://m.weibo.cn/status/H7DdQ869z?mblogid=H7DdQ869z&luicode=10000011&lfid=100103type%3D1%26q%3D%E5%8D%A2%E6%9C%AC%E4%BC%9F&featurecode=20000320	14
4318068668439558	0	昨天 04:14	0	这种人亲🐎晚上暴毙 不死不是亲妈， 我现在感受到这个世界对女生们的恶意，尤其是uu，她当卢本伟女朋友的时候就已经受到了很多的非议， 但他没有抛弃卢本伟，这能证明人家是真爱， 你们这群死🐎仔在这里口嗨什么？	6185886161	https://m.weibo.cn/status/H7A30zpvU?mblogid=H7A30zpvU&luicode=10000011&lfid=100103type%3D1%26q%3D%E5%8D%A2%E6%9C%AC%E4%BC%9F&featurecode=20000320	33
4318067124652617	2	昨天 04:08	0	在我的人生中有很多时刻我会突然十分想念卢本伟，比如现在。 	1767456387	https://m.weibo.cn/status/H7A0wjwmd?mblogid=H7A0wjwmd&luicode=10000011&lfid=100103type%3D1%26q%3D%E5%8D%A2%E6%9C%AC%E4%BC%9F&featurecode=20000320	1928
4318023525894350	0	昨天 01:14	0	生活里充斥着土味视频 抖音 各种鬼畜<br />谁也不知道这个世界变化的有多快<br />这些天翻看着卢本伟的直播录像<br />也就一年 <br />可还是硬生生的感觉隔了好久<br />这个时代太快了<br />我有点跟不上了 	5150634141	https://m.weibo.cn/status/H7yScoJoa?mblogid=H7yScoJoa&luicode=10000011&lfid=100103type%3D1%26q%3D%E5%8D%A2%E6%9C%AC%E4%BC%9F&featurecode=20000320	53
4318018894667317	0	昨天 00:56	0	"<a  href=""https://m.weibo.cn/p/index?containerid=100808bca64c9ec2d5e03e082dd0f13f42ea64&extparam=%E5%8D%A2%E6%9C%AC%E4%BC%9F&luicode=10000011&lfid=100103type%3D1%26q%3D%E5%8D%A2%E6%9C%AC%E4%BC%9F&featurecode=20000320"" data-hide=""""><span class='url-icon'><img style='width: 1rem;height: 1rem' src='http://n.sinaimg.cn/photo/5213b46e/20181127/timeline_card_small_super_default.png'></span><span class=""surl-text"">卢本伟</span></a>难受啊马飞。想你啊卢。 "	5676259695	https://m.weibo.cn/status/H7yKJjAbj?mblogid=H7yKJjAbj&luicode=10000011&lfid=100103type%3D1%26q%3D%E5%8D%A2%E6%9C%AC%E4%BC%9F&featurecode=20000320	97
4318011923901940	0	昨天 00:28	0	"<a  href=""https://m.weibo.cn/search?containerid=231522type%3D1%26t%3D10%26q%3D%23%E6%9D%9C%E6%B7%B3+%E6%8F%92%E5%88%80%E6%95%99%23&extparam=%23%E6%9D%9C%E6%B7%B3+%E6%8F%92%E5%88%80%E6%95%99%23&luicode=10000011&lfid=100103type%3D1%26q%3D%E5%8D%A2%E6%9C%AC%E4%BC%9F&featurecode=20000320"" data-hide=""""><span class=""surl-text"">#杜淳 插刀教#</span></a>又是一顿李庄白肉！仿佛听到了开哥那句话—我和他不熟的，兄弟<span class=""url-icon""><img alt=[doge] src=""//h5.sinaimg.cn/m/emoticon/icon/others/d_doge-d903433c82.png"" style=""width:1em; height:1em;"" /></span>大声说一句，我卢本伟没有开挂！兄弟，开玩笑的 "	3204951257	https://m.weibo.cn/status/H7yzugn4w?mblogid=H7yzugn4w&luicode=10000011&lfid=100103type%3D1%26q%3D%E5%8D%A2%E6%9C%AC%E4%BC%9F&featurecode=20000320	64
4318011504077394	0	昨天 00:27	0	"每当过了十二点的时候就是失眠来临的时候 没用的 一不小心就十二点了 伴随着室友的呼噜声 只有她能歇会了 我就有机会睡觉了 啊啊啊啊啊啊 年少悔知asmr 刚接触的时候真的很爽 超不过一个月就开始神经衰弱了 究竟是衰弱还是神经敏感我实在不想分清了 之前持续了两年看直播睡觉 直到卢本伟不播开始听asmr ...<a href=""/status/4318011504077394"">全文</a>"	6044531745	https://m.weibo.cn/status/H7yyOh6Iq?mblogid=H7yyOh6Iq&luicode=10000011&lfid=100103type%3D1%26q%3D%E5%8D%A2%E6%9C%AC%E4%BC%9F&featurecode=20000320	213
4318006118889575	0	昨天 00:05	0	朋友圈看到了卢本伟的表情包，开哥不在的一年多，想他。 	3898211917	https://m.weibo.cn/status/H7yq7BiAf?mblogid=H7yq7BiAf&luicode=10000011&lfid=100103type%3D1%26q%3D%E5%8D%A2%E6%9C%AC%E4%BC%9F&featurecode=20000320	532
4318000733235315	10	12-16	0	"<a  href=""https://m.weibo.cn/p/index?containerid=100808bca64c9ec2d5e03e082dd0f13f42ea64&extparam=%E5%8D%A2%E6%9C%AC%E4%BC%9F&luicode=10000011&lfid=100103type%3D1%26q%3D%E5%8D%A2%E6%9C%AC%E4%BC%9F&featurecode=20000320"" data-hide=""""><span class='url-icon'><img style='width: 1rem;height: 1rem' src='http://n.sinaimg.cn/photo/5213b46e/20181127/timeline_card_small_super_default.png'></span><span class=""surl-text"">卢本伟</span></a> 都掉差不多了吧，，，，斗鱼唯一一个牌子<span class=""url-icon""><img alt=[允悲] src=""//h5.sinaimg.cn/m/emoticon/icon/default/d_yunbei-c6964bf237.png"" style=""width:1em; height:1em;"" /></span> "	5963667234	https://m.weibo.cn/status/H7yhrdzEv?mblogid=H7yhrdzEv&luicode=10000011&lfid=100103type%3D1%26q%3D%E5%8D%A2%E6%9C%AC%E4%BC%9F&featurecode=20000320	86
4317996031577396	17	12-16	0	前有抗挂烈士卢本伟不为金钱所诱被孙亚龙一刷上榜导致表面兄弟反目成仇<br />现有铁骨铮铮断手残废蓝烟打年度拖家带口坑蒙拐骗粉丝同事自己花钱怒刷榜一<br />总结:造假并不可取。 	6590411825	https://m.weibo.cn/status/H7y9R6ClS?mblogid=H7y9R6ClS&luicode=10000011&lfid=100103type%3D1%26q%3D%E5%8D%A2%E6%9C%AC%E4%BC%9F&featurecode=20000320	89
4317986766244332	1	12-16	0	"<a  href=""https://m.weibo.cn/search?containerid=231522type%3D1%26t%3D10%26q%3D%23%E6%9D%9C%E6%B7%B3+%E6%8F%92%E5%88%80%E6%95%99%23&extparam=%23%E6%9D%9C%E6%B7%B3+%E6%8F%92%E5%88%80%E6%95%99%23&luicode=10000011&lfid=100103type%3D1%26q%3D%E5%8D%A2%E6%9C%AC%E4%BC%9F&featurecode=20000320"" data-hide=""""><span class=""surl-text"">#杜淳 插刀教#</span></a>杜淳说只是和印小天合作过 不明白怎么就被称为了好兄弟。怎么就听起来跟当年卢本伟五五开<a href='/n/卢本伟_55开'>@卢本伟_55开</a>  和笑笑<a href='/n/笑笑_孙亚龙'>@笑笑_孙亚龙</a>  开撕时 卢老爷说的”如果跟我吃过一顿饭就是兄弟的话 那我兄弟岂不遍布天下了”这句话这么雷同呢 卢本伟说了这句话以后凉了 那么杜淳<span class=""url-icon""><img alt=[doge] src=""//h5.sinaimg.cn/m/emoticon/icon/others/d_doge-d903433c82.png"" style=""width:1em; height:1em;"" /></span> "	2511727115	https://m.weibo.cn/status/H7xUUqcr2?mblogid=H7xUUqcr2&luicode=10000011&lfid=100103type%3D1%26q%3D%E5%8D%A2%E6%9C%AC%E4%BC%9F&featurecode=20000320	1147
4317970102850950	0	12-16	0	"快2019了啥时候才能再看到卢本伟在线斗地主 还有给队友在线送卡布奇诺呢<span class=""url-icon""><img alt=[猪头] src=""//h5.sinaimg.cn/m/emoticon/icon/others/d_zhutou-be36461c73.png"" style=""width:1em; height:1em;"" /></span> "	5358909999	https://m.weibo.cn/status/H7xu2bXF4?mblogid=H7xu2bXF4&luicode=10000011&lfid=100103type%3D1%26q%3D%E5%8D%A2%E6%9C%AC%E4%BC%9F&featurecode=20000320	260
4317967318190549	10	12-16	0	"大侄子越来越爱美 越来越像卢本伟了哈哈哈哈哈哈还要比我高了<span class=""url-icon""><img alt=[摊手] src=""//h5.sinaimg.cn/m/emoticon/icon/default/d_tanshou-dcf7d5d0d6.png"" style=""width:1em; height:1em;"" /></span><br /><br />和小学鸡玩了一下午游戏还一直输 生气😡 <br />最后外教小哥哥还给我奖了颗贴纸哈哈哈 <br /><br />梁敏华小朋友今天十分开心了<span class=""url-icon""><img alt=[给你小心心] src=""//h5.sinaimg.cn/m/emoticon/icon/others/qixi2018_xiaoxinxin-50c03f17bf.png"" style=""width:1em; height:1em;"" /></span> "	2302408762	https://m.weibo.cn/status/H7xpxymJD?mblogid=H7xpxymJD&luicode=10000011&lfid=100103type%3D1%26q%3D%E5%8D%A2%E6%9C%AC%E4%BC%9F&featurecode=20000320	791
4317901517800335	1	12-16	0	"【土豪炫富遭狂懟 起因只是盧本偉賣電腦？】說起盧本偉相信大家也不會過於陌生，畢竟是前皇族戰隊中單選手，老牌鬥魚一哥！名氣自然是毋庸置疑的。令人唏噓的是，在早些時間，盧本偉深陷外掛門。<a data-url=""http://t.cn/EURyqAm"" href=""http://share.hk.weibo.com/news/article/20181216/5/45/2/%E5%9C%9F%E8%B1%AA%E7%82%AB%E5%AF%8C%E9%81%AD%E7%8B%82%E6%87%9F-%E8%B5%B7%E5%9B%A0%E5%8F%AA%E6%98%AF%E7%9B%A7%E6%9C%AC%E5%81%89%E8%B3%A3%E9%9B%BB%E8%85%A6-9541403.html?luicode=10000011&lfid=100103type%3D1%26q%3D%E5%8D%A2%E6%9C%AC%E4%BC%9F&featurecode=20000320"" data-hide=""""><span class='url-icon'><img style='width: 1rem;height: 1rem' src='//h5.sinaimg.cn/upload/2015/09/25/3/timeline_card_small_web_default.png'></span><span class=""surl-text"">网页链接</span></a> ( <a data-url=""http://t.cn/RqmTpmA"" href=""http://share.hk.weibo.com/api/weibo/discover/tech.html?from=1110006030&weiboauthoruid=1750025340&luicode=10000011&lfid=100103type%3D1%26q%3D%E5%8D%A2%E6%9C%AC%E4%BC%9F&featurecode=20000320"" data-hide=""""><span class='url-icon'><img style='width: 1rem;height: 1rem' src='https://h5.sinaimg.cn/upload/2015/09/25/3/timeline_card_small_web_default.png'></span><span class=""surl-text"">發現更多</span></a> ) "	1750025340	https://m.weibo.cn/status/H7vHpwJdR?mblogid=H7vHpwJdR&luicode=10000011&lfid=100103type%3D1%26q%3D%E5%8D%A2%E6%9C%AC%E4%BC%9F&featurecode=20000320	657947
4317886291699133	8	12-16	3	"哈哈哈哈哈我在刷好友空间看到的这张图哈哈哈哈哈鬼才漫展小伙。<br /><br /><a  href=""https://m.weibo.cn/p/index?containerid=1008089887428afa481f93821e52ebaeb56485&extparam=%E5%8D%A2%E6%9C%AC%E4%BC%9F%E7%89%9B%E9%80%BC&luicode=10000011&lfid=100103type%3D1%26q%3D%E5%8D%A2%E6%9C%AC%E4%BC%9F&featurecode=20000320"" data-hide=""""><span class='url-icon'><img style='width: 1rem;height: 1rem' src='http://n.sinaimg.cn/photo/5213b46e/20181127/timeline_card_small_super_default.png'></span><span class=""surl-text"">卢本伟牛逼</span></a> <a  href=""https://m.weibo.cn/search?containerid=231522type%3D1%26t%3D10%26q%3D%23%E9%9A%BE%E5%8F%97%E5%95%8A%E9%A9%AC%E9%A3%9E%23&luicode=10000011&lfid=100103type%3D1%26q%3D%E5%8D%A2%E6%9C%AC%E4%BC%9F&featurecode=20000320"" data-hide=""""><span class=""surl-text"">#难受啊马飞#</span></a> "	5709251426	https://m.weibo.cn/status/H7viR781n?mblogid=H7viR781n&luicode=10000011&lfid=100103type%3D1%26q%3D%E5%8D%A2%E6%9C%AC%E4%BC%9F&featurecode=20000320	49623
4317874116051537	0	12-16	0	"<a  href=""https://m.weibo.cn/p/index?containerid=100808c86edb545da5818f5aad83caea7d75c1&extparam=%E6%90%9E%E7%AC%91&luicode=10000011&lfid=100103type%3D1%26q%3D%E5%8D%A2%E6%9C%AC%E4%BC%9F&featurecode=20000320"" data-hide=""""><span class='url-icon'><img style='width: 1rem;height: 1rem' src='http://n.sinaimg.cn/photo/5213b46e/20181127/timeline_card_small_super_default.png'></span><span class=""surl-text"">搞笑</span></a> 《卢本伟的变形计》完结篇<span class=""url-icon""><img alt=[允悲] src=""//h5.sinaimg.cn/m/emoticon/icon/default/d_yunbei-c6964bf237.png"" style=""width:1em; height:1em;"" /></span><span class=""url-icon""><img alt=[允悲] src=""//h5.sinaimg.cn/m/emoticon/icon/default/d_yunbei-c6964bf237.png"" style=""width:1em; height:1em;"" /></span><span class=""url-icon""><img alt=[允悲] src=""//h5.sinaimg.cn/m/emoticon/icon/default/d_yunbei-c6964bf237.png"" style=""width:1em; height:1em;"" /></span> <a data-url=""http://t.cn/EUE6S4t"" href=""https://m.weibo.cn/p/index?containerid=2304444317874089570819&url_type=39&object_type=video&pos=1&luicode=10000011&lfid=100103type%3D1%26q%3D%E5%8D%A2%E6%9C%AC%E4%BC%9F&featurecode=20000320"" data-hide=""""><span class='url-icon'><img style='width: 1rem;height: 1rem' src='https://h5.sinaimg.cn/upload/2015/09/25/3/timeline_card_small_video_default.png'></span><span class=""surl-text"">彡口组的秒拍视频</span></a> "	2632172521	https://m.weibo.cn/status/H7uZdpohr?mblogid=H7uZdpohr&luicode=10000011&lfid=100103type%3D1%26q%3D%E5%8D%A2%E6%9C%AC%E4%BC%9F&featurecode=20000320	2007
4317858911636685	4	12-16	0	"<a  href=""https://m.weibo.cn/search?containerid=231522type%3D1%26t%3D10%26q%3D%23RNG%E4%BB%80%E4%B9%88%E6%97%B6%E5%80%99%E5%85%AC%E5%B8%83%E6%95%99%E7%BB%83%23&extparam=%23RNG%E4%BB%80%E4%B9%88%E6%97%B6%E5%80%99%E5%85%AC%E5%B8%83%E6%95%99%E7%BB%83%23&luicode=10000011&lfid=100103type%3D1%26q%3D%E5%8D%A2%E6%9C%AC%E4%BC%9F&featurecode=20000320"" data-hide=""""><span class=""surl-text"">#RNG什么时候公布教练#</span></a>别问，问就是卢本伟 "	6008775118	https://m.weibo.cn/status/H7uAH6RM9?mblogid=H7uAH6RM9&luicode=10000011&lfid=100103type%3D1%26q%3D%E5%8D%A2%E6%9C%AC%E4%BC%9F&featurecode=20000320	4189
4317840523342872	0	12-16	0	"【卢本伟】【五五开】一年了，想你了，想你想的无法开挂！<a  href=""https://m.weibo.cn/search?containerid=231522type%3D1%26t%3D10%26q%3D%23%E5%BE%AE%E5%8D%9A%E5%B7%A8%E5%A5%BD%E7%8E%A9%23&luicode=10000011&lfid=100103type%3D1%26q%3D%E5%8D%A2%E6%9C%AC%E4%BC%9F&featurecode=20000320"" data-hide=""""><span class=""surl-text"">#微博巨好玩#</span></a><a  href=""https://m.weibo.cn/p/index?containerid=100808f334edf14a66a4e3aa1a31dade762d19&extparam=%E6%90%9E%E7%AC%91%E8%A7%86%E9%A2%91&luicode=10000011&lfid=100103type%3D1%26q%3D%E5%8D%A2%E6%9C%AC%E4%BC%9F&featurecode=20000320"" data-hide=""""><span class='url-icon'><img style='width: 1rem;height: 1rem' src='http://n.sinaimg.cn/photo/5213b46e/20181127/timeline_card_small_super_default.png'></span><span class=""surl-text"">搞笑视频</span></a> <a data-url=""http://t.cn/EURWRkB"" href=""https://m.weibo.cn/c/video/sorry?luicode=10000011&lfid=100103type%3D1%26q%3D%E5%8D%A2%E6%9C%AC%E4%BC%9F&featurecode=20000320"" data-hide=""""><span class='url-icon'><img style='width: 1rem;height: 1rem' src='//h5.sinaimg.cn/upload/2015/09/25/3/timeline_card_small_web_default.png'></span><span class=""surl-text"">网页链接</span></a> "	6085757545	https://m.weibo.cn/status/H7u72e1Di?mblogid=H7u72e1Di&luicode=10000011&lfid=100103type%3D1%26q%3D%E5%8D%A2%E6%9C%AC%E4%BC%9F&featurecode=20000320	311564
4317836912027294	0	12-16	0	卢本伟是怎么凉的。。为什么不吸收教训呢。。直播骂人被举报到各种部门	3810311353	https://m.weibo.cn/status/H7u1d8voi?mblogid=H7u1d8voi&luicode=10000011&lfid=100103type%3D1%26q%3D%E5%8D%A2%E6%9C%AC%E4%BC%9F&featurecode=20000320	34
